{
  "first_person": {
    "Active": {
      "rr_mean": {
        "mean": 0.6643840603253155,
        "std": 0.07724606502815747
      },
      "sdnn": {
        "mean": 36.123917041783834,
        "std": 8.49177539539601
      },
      "rmssd": {
        "mean": 45.803935590374834,
        "std": 6.580643857450774
      }
    },
    "Rest": {
      "rr_mean": {
        "mean": 0.7805850871198323,
        "std": 0.053781459244667346
      },
      "sdnn": {
        "mean": 40.78020343226143,
        "std": 4.664796085263715
      },
      "rmssd": {
        "mean": 49.29716562046251,
        "std": 8.742331800707156
      }
    }
  },
  "second_person": {
    "Active": {
      "rr_mean": {
        "mean": 0.682363150818191,
        "std": 0.09321832297862202
      },
      "sdnn": {
        "mean": 49.46813138735962,
        "std": 16.251329197328317
      },
      "rmssd": {
        "mean": 53.29656695762429,
        "std": 20.06826932340046
      }
    },
    "Rest": {
      "rr_mean": {
        "mean": 0.7579617819354662,
        "std": 0.02620213682386098
      },
      "sdnn": {
        "mean": 50.6045785505603,
        "std": 9.466713302997112
      },
      "rmssd": {
        "mean": 48.12193823538852,
        "std": 8.28656028942516
      }
    }
  }
}